"Account.Length","VMail.Message","Day.Mins","Eve.Mins","Night.Mins","Intl.Mins","CustServ.Calls","Int.l.Plan","VMail.Plan","Day.Calls","Day.Charge","Eve.Calls","Eve.Charge","Night.Calls","Night.Charge","Intl.Calls","Intl.Charge","Area.Code","Churn","rpart","ada","rf","ksvm","glm","nnet","kmeans"
123,0,211,217,214.8,9.8,3,0,0,92,35.87,102,18.45,104,9.67,7,2.65,415,0,"0","0","0","0","0","0","6"
108,0,215.6,195.3,194.4,3.6,1,0,0,78,36.65,119,16.6,65,8.75,5,0.97,415,0,"0","0","0","0","0","0","6"
114,0,191.5,175.2,220.3,0,0,0,0,88,32.56,78,14.89,118,9.91,0,0,415,0,"0","0","0","0","0","0","6"
108,0,103,242.3,170.2,7.9,1,0,0,129,17.51,103,20.6,89,7.66,3,2.13,415,0,"0","0","0","0","0","0","6"
12,0,216.7,116.5,220,9.8,2,1,0,117,36.84,126,9.9,110,9.9,4,2.65,510,0,"0","0","0","0","1","0","3"
112,23,286.6,315.3,193.9,10.3,1,0,1,79,48.72,102,26.8,101,8.73,6,2.78,415,0,"0","0","0","0","0","0","3"
79,0,222.3,146.2,275.6,8.9,3,0,0,99,37.79,82,12.43,82,12.4,4,2.4,415,0,"0","0","0","0","0","0","3"
66,33,88.8,109.6,172.7,7.1,3,0,1,104,15.1,94,9.32,107,7.77,9,1.92,510,0,"0","0","0","1","0","0","3"
113,0,159.8,210.1,175.1,13.1,2,0,0,143,27.17,93,17.86,86,7.88,7,3.54,415,0,"0","0","0","0","0","0","6"
113,23,149,235.8,201.8,9.5,4,0,1,104,25.33,67,20.04,76,9.08,5,2.57,415,0,"1","0","0","0","0","0","3"
121,0,150.7,197.3,169,9.2,1,0,0,105,25.62,133,16.77,116,7.61,15,2.48,408,0,"0","0","0","0","0","0","6"
182,0,69.1,230.3,256.7,6.5,0,0,0,114,11.75,109,19.58,96,11.55,4,1.76,415,0,"0","0","0","1","0","0","6"
167,0,169.2,173.3,216.5,12.4,4,0,0,124,28.76,108,14.73,64,9.74,4,3.35,415,1,"0","0","0","0","0","0","3"
46,0,199.2,175.1,210.6,10.2,3,0,0,111,33.86,83,14.88,84,9.48,2,2.75,510,0,"0","0","0","0","0","0","6"
152,0,228.1,136.4,197.3,9,1,0,0,93,38.78,106,11.59,107,8.88,2,2.43,510,0,"0","0","0","0","0","0","6"
130,0,124.3,270.7,239.5,3.5,0,0,0,70,21.13,99,23.01,83,10.78,6,0.95,510,0,"0","0","0","0","0","0","6"
75,21,175.8,217.5,237.5,5.3,5,0,1,97,29.89,106,18.49,134,10.69,4,1.43,415,0,"0","0","0","0","0","0","3"
70,0,7.9,136.4,156.6,12.1,0,0,0,100,1.34,83,11.59,89,7.05,1,3.27,415,0,"0","0","0","1","0","0","3"
120,0,177.2,270.4,231.5,14,2,0,0,88,30.12,99,22.98,90,10.42,2,3.78,415,0,"0","0","0","0","0","0","6"
41,0,182.1,211.5,207.4,6.8,1,0,0,89,30.96,104,17.98,124,9.33,1,1.84,510,0,"0","0","0","0","0","0","6"
73,0,198.3,279.3,146.2,14.8,3,0,0,94,33.71,101,23.74,87,6.58,8,4,415,0,"0","0","0","0","0","0","6"
75,24,225.5,182,270.9,9.4,3,0,1,119,38.34,108,15.47,106,12.19,2,2.54,408,0,"0","0","0","0","0","0","3"
62,0,128.7,169.5,193.6,10.3,1,0,0,111,21.88,104,14.41,97,8.71,5,2.78,408,0,"0","0","0","0","0","0","6"
155,0,190.3,301.3,214.6,8,1,0,0,123,32.35,96,25.61,134,9.66,3,2.16,415,0,"0","0","0","0","0","0","6"
138,0,87.6,266.9,214.6,9.8,2,0,0,112,14.89,107,22.69,104,9.66,10,2.65,415,0,"0","0","0","0","0","0","6"
1,0,182.1,134.9,152.3,10,5,0,0,106,30.96,106,11.47,75,6.85,3,2.7,415,1,"1","0","0","0","0","0","6"
106,37,223.5,235.1,140.1,10.6,2,0,1,104,38,99,19.98,90,6.3,5,2.86,415,0,"0","0","0","0","0","0","3"
114,0,187.8,154.6,213.9,10.1,2,0,0,109,31.93,97,13.14,102,9.63,3,2.73,415,0,"0","0","0","0","0","0","6"
48,36,230.9,167.6,270,7.6,3,0,1,92,39.25,121,14.25,87,12.15,4,2.05,415,0,"0","0","0","0","0","0","3"
38,0,194.4,186.7,223.3,10.8,3,0,0,94,33.05,95,15.87,90,10.05,5,2.92,415,0,"0","0","0","0","0","0","6"
125,0,126.7,206,247.8,13.3,1,0,0,108,21.54,90,17.51,114,11.15,7,3.59,408,0,"0","0","0","0","0","0","6"
109,46,217.5,233.7,163.9,9,4,0,1,123,36.98,84,19.86,99,7.38,3,2.43,415,0,"0","0","0","0","0","0","3"
76,0,299.5,226.7,210.7,13.7,0,0,0,125,50.92,92,19.27,134,9.48,4,3.7,415,1,"1","1","1","0","0","0","6"
111,0,99.3,270.5,225.3,9,3,0,0,112,16.88,136,22.99,94,10.14,6,2.43,408,0,"0","0","0","0","0","0","6"
105,0,213.4,204.9,179.7,9.5,1,0,0,100,36.28,52,17.42,93,8.09,6,2.57,408,0,"0","0","0","0","0","0","6"
165,0,150.5,193.1,311.6,10.3,1,0,0,75,25.59,93,16.41,93,14.02,2,2.78,408,0,"0","0","0","0","0","0","3"
95,0,142.5,176.1,189.6,8.2,2,0,0,109,24.23,107,14.97,88,8.53,3,2.21,510,0,"0","0","0","0","0","0","6"
104,18,182.1,213.6,193,13.4,2,0,1,66,30.96,65,18.16,108,8.69,9,3.62,415,0,"0","0","0","0","0","0","3"
123,0,114.4,216.6,250.6,11,0,0,0,91,19.45,123,18.41,102,11.28,3,2.97,408,0,"0","0","0","0","0","0","6"
87,0,234.8,140.9,204.3,9.5,1,0,0,85,39.92,91,11.98,93,9.19,5,2.57,510,0,"0","0","0","0","0","0","6"
65,0,105.7,141.8,180.5,6.6,2,0,0,95,17.97,100,12.05,105,8.12,12,1.78,415,0,"0","0","0","1","0","0","6"
109,0,217,207,268,8.2,1,0,0,115,36.89,142,17.6,106,12.06,4,2.21,408,0,"0","0","0","0","0","0","6"
33,35,186.8,261,317.8,15,0,0,1,124,31.76,69,22.19,103,14.3,5,4.05,415,0,"0","0","0","0","0","0","3"
36,0,178.6,213.1,198,10.9,1,0,0,83,30.36,103,18.11,119,8.91,5,2.94,510,0,"0","0","0","0","0","0","6"
105,0,115.5,267.3,114.2,13.3,3,0,0,73,19.64,83,22.72,90,5.14,5,3.59,408,0,"0","0","0","0","0","0","6"
74,33,193.7,246.1,138,14.6,2,0,1,91,32.93,96,20.92,92,6.21,3,3.94,510,0,"0","0","0","0","0","0","3"
73,0,160.1,213.3,174.1,13,0,0,0,110,27.22,72,18.13,72,7.83,4,3.51,415,0,"0","0","0","0","0","0","6"
43,0,27,160.9,279.5,10.7,3,0,0,117,4.59,97,13.68,96,12.58,3,2.89,415,0,"0","0","0","1","0","0","3"
119,0,294.2,232.5,195,9,0,0,0,100,50.01,53,19.76,64,8.78,1,2.43,408,1,"1","1","1","0","0","0","6"
130,0,212.8,189.8,170.1,10.6,0,0,0,102,36.18,137,16.13,105,7.65,4,2.86,415,1,"0","0","0","0","0","0","6"
87,0,186.9,182.6,143.1,4.2,1,0,0,79,31.77,105,15.52,90,6.44,14,1.13,408,0,"0","0","0","0","0","0","6"
1,0,123.8,236.2,73.2,3.7,0,0,0,113,21.05,77,20.08,81,3.29,2,1,408,0,"0","0","0","0","0","0","6"
28,0,236.8,167.1,280.2,9.7,3,0,0,102,40.26,87,14.2,115,12.61,3,2.62,415,0,"0","0","0","0","0","0","3"
68,0,232.4,153.3,214.6,10.5,1,0,0,76,39.51,103,13.03,107,9.66,2,2.84,415,0,"0","0","0","0","0","0","6"
73,0,217.8,220.6,277.3,10.3,1,0,0,91,37.03,97,18.75,89,12.48,6,2.78,415,1,"0","0","0","0","0","0","6"
138,29,190.1,223.2,256.2,14.2,0,0,1,87,32.32,123,18.97,130,11.53,6,3.83,415,0,"0","0","0","0","0","0","3"
125,0,169.3,156,210.8,11.6,2,0,0,90,28.78,138,13.26,106,9.49,6,3.13,408,0,"0","0","0","0","0","0","6"
178,0,124.5,141.2,268.2,11.4,2,1,0,134,21.17,78,12,113,12.07,2,3.08,408,1,"1","1","1","0","0","0","3"
32,0,164.8,229.9,167.3,14.8,2,0,0,98,28.02,96,19.54,108,7.53,2,4,415,0,"0","0","0","0","0","0","6"
91,0,231.8,150.6,269.2,11.6,3,0,0,120,39.41,106,12.8,129,12.11,7,3.13,510,0,"0","0","0","0","0","0","3"
54,33,161.8,273,153.9,13.7,0,0,1,73,27.51,58,23.21,76,6.93,4,3.7,415,0,"0","0","0","1","0","0","3"
37,39,149.7,211.1,114.3,9.2,1,1,1,122,25.45,75,17.94,90,5.14,4,2.48,408,0,"0","0","0","1","0","0","3"
140,0,129.6,246.2,172.1,9.4,3,0,0,79,22.03,99,20.93,124,7.74,10,2.54,415,0,"0","0","0","0","0","0","6"
106,0,204,168.5,164,13.3,3,1,0,84,34.68,61,14.32,102,7.38,3,3.59,510,1,"1","1","1","0","1","0","6"
76,0,165.7,257.4,170.8,10,1,0,0,94,28.17,80,21.88,114,7.69,4,2.7,510,0,"0","0","0","0","0","0","6"
65,23,224.2,189.6,222.8,9.8,0,0,1,106,38.11,100,16.12,75,10.03,4,2.65,415,0,"0","0","0","0","0","0","3"
183,0,108.3,183.6,176.6,13.5,0,0,0,87,18.41,116,15.61,109,7.95,2,3.65,510,0,"0","0","0","0","0","0","6"
139,0,203.2,152.5,197.8,9.7,2,0,0,81,34.54,99,12.96,76,8.9,3,2.62,510,0,"0","0","0","0","0","0","6"
128,34,142.3,194.8,239.3,16,1,0,1,73,24.19,79,16.56,81,10.77,6,4.32,408,0,"0","0","0","1","0","0","3"
74,0,225.2,215.1,241.8,9.1,2,0,0,93,38.28,120,18.28,95,10.88,2,2.46,415,0,"0","0","0","0","0","0","6"
126,0,103.7,127,329.3,14.4,0,0,0,93,17.63,107,10.8,66,14.82,1,3.89,415,0,"0","0","0","0","0","0","3"
116,0,137.4,120,130.3,12.4,3,0,0,126,23.36,94,10.2,64,5.86,2,3.35,510,0,"0","0","0","0","0","0","6"
57,0,161,208,208.1,8.4,3,0,0,113,27.37,134,17.68,81,9.36,4,2.27,415,0,"0","0","0","0","0","0","6"
118,35,256.3,258.1,215.5,11.7,1,0,1,119,43.57,91,21.94,130,9.7,1,3.16,510,0,"0","0","0","0","0","0","3"
118,0,267.8,316.4,208.6,14.4,5,0,0,145,45.53,121,26.89,91,9.39,11,3.89,415,1,"1","1","1","0","1","0","6"
88,0,55.6,242.7,176.3,11.3,0,0,0,65,9.45,121,20.63,134,7.93,4,3.05,415,0,"0","0","0","1","0","0","6"
176,0,169.5,112.9,56.6,8.7,0,0,0,151,28.82,84,9.6,99,2.55,4,2.35,415,0,"0","0","0","1","0","0","6"
129,0,137.8,225.8,145.2,10.2,1,0,0,120,23.43,110,19.19,95,6.53,6,2.75,415,1,"0","0","0","0","0","0","6"
111,0,132.6,221.1,127.9,12.7,4,0,0,125,22.54,67,18.79,101,5.76,2,3.43,415,1,"1","1","1","0","0","0","6"
49,0,119.3,215.1,178.7,11.1,1,0,0,117,20.28,109,18.28,90,8.04,1,3,510,0,"0","0","0","0","0","0","6"
75,27,117.5,206.8,194.4,4.2,3,0,1,102,19.98,127,17.58,114,8.75,7,1.13,510,0,"0","0","0","1","0","0","3"
159,0,114.8,192.6,259,12.2,0,0,0,98,19.52,101,16.37,108,11.66,5,3.29,510,0,"0","0","0","0","0","0","6"
123,0,150,89.8,326,11.1,3,0,0,98,25.5,95,7.63,91,14.67,3,3,415,0,"0","0","0","0","0","0","3"
97,0,215.3,242.4,279.8,12.1,0,0,0,58,36.6,91,20.6,105,12.59,9,3.27,415,0,"0","0","0","0","0","0","6"
67,30,186.2,286.7,164.3,12.9,2,0,1,117,31.65,76,24.37,113,7.39,3,3.48,510,0,"0","0","0","0","0","0","3"
93,0,267.9,223,262.7,11.3,3,0,0,114,45.54,74,18.96,90,11.82,3,3.05,408,1,"1","1","1","0","1","0","6"
107,0,212.1,150.1,219.8,7.7,3,0,0,95,36.06,88,12.76,111,9.89,2,2.08,415,0,"0","0","0","0","0","0","6"
145,0,187.9,197,167,4.8,2,0,0,110,31.94,117,16.75,108,7.52,4,1.3,415,0,"0","0","0","0","0","0","6"
102,0,200.6,152.5,199.4,7.7,3,0,0,106,34.1,127,12.96,128,8.97,2,2.08,408,0,"0","0","0","0","0","0","6"
38,36,115.4,166.2,184.7,15.2,2,0,1,98,19.62,83,14.13,79,8.31,6,4.1,408,0,"0","0","0","1","0","0","3"
61,33,270.7,200.7,201.7,10.9,3,0,1,53,46.02,116,17.06,102,9.08,3,2.94,415,0,"0","0","0","0","0","0","3"
110,0,188,90.5,150.3,15.3,3,0,0,127,31.96,118,7.69,64,6.76,3,4.13,510,0,"0","0","0","0","0","0","3"
77,0,233.8,266.5,212.7,7.6,2,0,0,104,39.75,94,22.65,104,9.57,3,2.05,510,0,"0","1","1","0","0","0","6"
127,19,129.7,160.8,265,12.2,2,0,1,115,22.05,101,13.67,63,11.93,3,3.29,510,0,"0","0","0","1","0","0","3"
127,0,245.2,217.2,243.1,13.9,0,0,0,91,41.68,92,18.46,128,10.94,6,3.75,510,1,"0","0","0","0","0","0","6"
107,0,234.1,163.1,282.5,10,1,1,0,91,39.8,105,13.86,100,12.71,3,2.7,510,0,"0","0","0","0","1","0","3"
59,0,107.8,216.6,217.5,9.9,2,0,0,113,18.33,125,18.41,92,9.79,3,2.67,408,0,"0","0","0","0","0","0","6"
64,0,168,192.4,166.5,10.1,2,0,0,116,28.56,94,16.35,98,7.49,3,2.73,415,0,"0","0","0","0","0","0","6"
85,0,144.4,264.6,185.4,9.9,1,0,0,88,24.55,105,22.49,94,8.34,3,2.67,408,0,"0","0","0","0","0","0","6"
44,0,202.6,163,268.1,8.3,0,0,0,89,34.44,96,13.86,151,12.06,3,2.24,415,0,"0","0","0","0","0","0","6"
99,0,54.8,173,195.1,7.5,1,0,0,92,9.32,103,14.71,125,8.78,3,2.03,408,0,"0","0","0","1","0","0","6"
78,0,103.5,117.9,201,12,4,0,0,115,17.6,102,10.02,94,9.05,3,3.24,415,1,"1","1","1","1","0","0","3"
107,28,201.8,304.9,225.6,11.9,1,0,1,79,34.31,128,25.92,133,10.15,8,3.21,510,0,"0","0","0","0","0","0","3"
38,0,149,49.2,163.3,13.9,0,0,0,92,25.33,78,4.18,93,7.35,11,3.75,510,0,"0","0","0","1","0","0","3"
101,0,253.2,237.9,154.3,9.7,4,0,0,89,43.04,114,20.22,85,6.94,7,2.62,415,0,"1","0","0","0","0","0","6"
147,0,212.8,204.1,156.2,10.2,1,0,0,79,36.18,91,17.35,113,7.03,2,2.75,408,0,"0","0","0","0","0","0","6"
173,0,291.8,214.3,151.2,9.9,0,0,0,143,49.61,134,18.22,119,6.8,2,2.67,510,1,"1","1","1","0","0","0","6"
59,0,159.5,167.2,138.6,10.2,0,0,0,96,27.12,123,14.21,106,6.24,4,2.75,408,0,"0","0","0","0","0","0","6"
52,0,251.4,196.6,192,11,0,1,0,118,42.74,80,16.71,53,8.64,2,2.97,510,1,"0","1","1","0","1","0","6"
84,38,193,153.6,260.4,7.4,2,0,1,106,32.81,106,13.06,87,11.72,5,2,408,0,"0","0","0","0","0","0","3"
217,0,176.4,158.8,306.6,9.3,4,0,0,115,29.99,128,13.5,107,13.8,3,2.51,408,0,"0","0","0","0","0","0","3"
90,0,113.2,189.3,271.8,14.1,3,0,0,108,19.24,63,16.09,124,12.23,4,3.81,415,0,"0","0","0","0","0","0","3"
72,29,139.8,138.2,221,5.5,0,1,1,114,23.77,91,11.75,88,9.95,6,1.49,510,0,"0","0","0","1","0","0","3"
75,28,200.6,164.1,169.6,2.5,1,0,1,96,34.1,111,13.95,153,7.63,5,0.68,510,0,"0","0","0","1","0","0","3"
45,38,196.8,254.2,261.8,7.7,1,0,1,92,33.46,108,21.61,85,11.78,2,2.08,408,0,"0","0","0","0","0","0","3"
105,0,146.4,225.1,230.1,8.5,1,0,0,81,24.89,80,19.13,117,10.35,2,2.3,408,0,"0","0","0","0","0","0","6"
117,0,143.3,211.3,185.2,11.5,1,0,0,103,24.36,108,17.96,96,8.33,3,3.11,415,0,"0","0","0","0","0","0","6"
36,0,177.9,224.6,306.3,10.8,2,0,0,129,30.24,87,19.09,102,13.78,6,2.92,408,0,"0","0","0","0","0","0","3"
49,0,237.8,208.9,167.8,15.6,2,1,0,92,40.43,119,17.76,86,7.55,6,4.21,415,1,"1","1","1","0","1","0","6"
63,0,132.9,67,160.4,9.9,3,0,0,122,22.59,62,5.7,121,7.22,2,2.67,510,0,"0","0","0","1","0","0","3"
111,0,176.4,201,150.4,11.2,0,0,0,62,29.99,124,17.09,138,6.77,2,3.02,510,0,"0","0","0","0","0","0","6"
96,26,175.8,206.6,178,11.1,2,0,1,96,29.89,84,17.56,105,8.01,2,3,415,0,"0","0","0","0","0","0","3"
83,0,271.5,216.3,121.1,11.7,1,1,0,87,46.16,126,18.39,105,5.45,4,3.16,408,0,"1","1","1","0","1","0","6"
107,0,230.4,257.4,107.3,8.5,1,0,0,65,39.17,80,21.88,88,4.83,3,2.3,415,0,"0","0","0","0","0","0","6"
55,0,269.6,171.7,219,8.2,1,1,0,121,45.83,91,14.59,98,9.86,6,2.21,415,0,"0","0","0","0","1","0","6"
130,0,213.1,206.2,163.4,8.9,0,0,0,105,36.23,108,17.53,93,7.35,3,2.4,415,0,"0","0","0","0","0","0","6"
97,0,209.2,0,175.4,11.8,1,0,0,134,35.56,0,0,94,7.89,6,3.19,415,0,"0","0","0","0","0","0","3"
66,36,106.7,209.8,190.4,12.1,1,0,1,76,18.14,77,17.83,117,8.57,2,3.27,415,0,"0","0","0","1","0","0","3"
83,36,95.9,261.6,228.6,13.3,0,0,1,87,16.3,105,22.24,109,10.29,4,3.59,510,0,"0","0","0","1","0","0","3"
142,40,237.4,175.9,210.3,9.2,3,0,1,105,40.36,93,14.95,110,9.46,3,2.48,510,0,"0","0","0","0","0","0","3"
72,0,196.5,158.6,269.3,6.8,0,0,0,88,33.41,129,13.48,118,12.12,3,1.84,415,0,"0","0","0","0","0","0","3"
81,0,203.5,289.6,212.9,8.7,3,0,0,89,34.6,69,24.62,71,9.58,3,2.35,510,0,"0","0","0","0","0","0","6"
92,25,134,206,180.6,9.7,0,0,1,112,22.78,111,17.51,118,8.13,4,2.62,510,0,"0","0","0","0","0","0","3"
34,0,128.8,208.7,202.1,14,1,0,0,80,21.9,93,17.74,103,9.09,7,3.78,408,0,"0","0","0","0","0","0","6"
84,0,217.1,236,118.3,9.4,1,0,0,99,36.91,68,20.06,120,5.32,4,2.54,408,0,"0","0","0","0","0","0","6"
190,0,150.9,268.6,179.9,14.7,1,0,0,86,25.65,129,22.83,73,8.1,1,3.97,408,0,"0","0","0","0","0","0","6"
78,0,147.1,199.7,160.7,13.7,0,0,0,80,25.01,100,16.97,106,7.23,7,3.7,415,0,"0","0","0","0","0","0","6"
84,0,216.1,197.5,217.8,9.8,1,0,0,114,36.74,107,16.79,104,9.8,3,2.65,415,0,"0","0","0","1","0","0","6"
67,0,176.2,236,152.5,10.6,1,0,0,120,29.95,138,20.06,104,6.86,4,2.86,408,0,"0","0","0","0","0","0","6"
111,0,142.3,122.8,229.5,12.8,2,0,0,75,24.19,106,10.44,94,10.33,9,3.46,408,0,"0","0","0","0","0","0","3"
128,0,199.3,194.8,298.2,14.3,4,0,0,86,33.88,102,16.56,82,13.42,2,3.86,510,0,"0","0","0","0","1","0","3"
95,20,165.7,215.6,243.3,9.8,0,0,1,78,28.17,94,18.33,91,10.95,6,2.65,408,0,"0","0","0","0","0","0","3"
141,28,206.9,264.4,171.8,9.3,2,0,1,126,35.17,126,22.47,124,7.73,11,2.51,415,0,"0","0","0","0","0","0","3"
124,0,184.8,175.1,158.2,10.5,1,0,0,74,31.42,84,14.88,95,7.12,6,2.84,510,0,"0","0","0","0","0","0","6"
91,0,133.7,195.3,280.5,5.9,0,0,0,75,22.73,87,16.6,89,12.62,2,1.59,408,0,"0","0","0","0","0","0","3"
137,0,127,323.2,143.9,7.5,1,0,0,107,21.59,75,27.47,127,6.48,2,2.03,415,0,"0","0","0","0","0","0","6"
13,0,303.2,170.5,227.6,11.5,0,0,0,133,51.54,86,14.49,80,10.24,3,3.11,415,1,"1","1","1","0","0","0","6"
164,0,123.3,170,165.9,12.7,1,0,0,78,20.96,85,14.45,78,7.47,2,3.43,415,0,"0","0","0","0","0","0","6"
82,0,199.3,193.4,254.4,7,0,0,0,112,33.88,120,16.44,117,11.45,10,1.89,415,0,"0","0","0","0","0","0","6"
117,0,134.7,180,200.9,7.7,1,0,0,121,22.9,83,15.3,104,9.04,3,2.08,415,0,"0","0","0","0","0","0","6"
43,0,84.2,80.8,196.1,10.8,1,0,0,134,14.31,103,6.87,79,8.82,2,2.92,415,0,"0","0","0","1","0","0","3"
192,0,221.6,285.2,167.4,12.7,4,0,0,101,37.67,50,24.24,83,7.53,6,3.43,415,0,"0","0","0","0","1","0","6"
87,0,231.3,171.7,67.7,13,1,0,0,105,39.32,108,14.59,136,3.05,6,3.51,510,0,"0","0","0","0","0","0","6"
75,0,314.6,169.8,285.1,5.7,2,0,0,102,53.48,86,14.43,100,12.83,3,1.54,415,1,"1","1","1","0","0","0","3"
125,0,191.6,205.6,210.2,9.2,2,0,0,115,32.57,108,17.48,123,9.46,3,2.48,408,0,"0","0","0","0","0","0","6"
56,30,127.1,172.1,194.6,12.1,1,0,1,89,21.61,116,14.63,111,8.76,3,3.27,415,0,"0","0","0","0","0","0","3"
128,32,223.5,188.8,154.9,9.4,2,1,1,81,38,74,16.05,101,6.97,2,2.54,510,1,"1","1","0","0","0","0","3"
92,29,201.3,203.7,129.9,6.4,1,0,1,130,34.22,115,17.31,113,5.85,6,1.73,415,1,"0","0","0","1","0","0","3"
148,26,158.7,160.5,218.3,9.9,1,0,1,91,26.98,127,13.64,88,9.82,3,2.67,415,0,"0","0","0","0","0","0","3"
152,0,141.5,263,207.1,3.4,2,0,0,102,24.06,94,22.36,113,9.32,4,0.92,415,0,"0","0","0","0","0","0","6"
82,0,266.9,229.7,251.7,11,3,0,0,83,45.37,74,19.52,99,11.33,6,2.97,415,1,"1","1","1","0","0","0","6"
64,43,118.4,144.1,158.1,8.5,1,0,1,100,20.13,108,12.25,91,7.11,6,2.3,415,0,"0","0","0","1","0","0","3"
121,30,198.4,75.3,181.2,5.8,3,0,1,129,33.73,77,6.4,77,8.15,3,1.57,408,1,"0","0","0","1","0","0","3"
47,0,155.3,188.2,247,12.3,3,0,0,116,26.4,85,16,73,11.12,4,3.32,415,0,"0","0","0","0","0","0","3"
67,20,230.6,189.1,162.2,9.4,1,0,1,40,39.2,58,16.07,115,7.3,2,2.54,510,0,"0","0","0","0","0","0","3"
121,35,193.8,197.6,218.8,5.9,0,0,1,62,32.95,97,16.8,95,9.85,4,1.59,510,0,"0","0","0","1","0","0","3"
150,0,136.6,209.4,161.1,12.2,4,0,0,112,23.22,81,17.8,78,7.25,2,3.29,415,1,"1","1","1","0","0","0","6"
170,0,259.9,245,134.4,8.4,3,1,0,68,44.18,122,20.83,121,6.05,3,2.27,510,0,"1","1","1","0","1","0","6"
118,0,189.3,233.5,270.9,10,2,0,0,119,32.18,112,19.85,104,12.19,1,2.7,408,0,"0","0","0","0","0","0","6"
50,35,192.6,135.2,216.2,7.9,2,0,1,97,32.74,101,11.49,101,9.73,2,2.13,415,0,"0","0","0","0","0","0","3"
99,0,95.4,207.2,136,5.6,1,0,0,105,16.22,101,17.61,117,6.12,5,1.51,408,0,"0","0","0","1","0","0","6"
64,0,216.9,211,179.8,11.4,3,0,0,78,36.87,115,17.94,116,8.09,5,3.08,510,0,"0","0","0","0","0","0","6"
92,0,265.6,180.7,211.1,8.6,1,0,0,82,45.15,75,15.36,113,9.5,2,2.32,408,0,"0","0","1","0","0","0","6"
117,0,168.8,241.4,204.8,15.5,0,0,0,137,28.7,107,20.52,106,9.22,4,4.19,415,0,"0","0","0","0","0","0","6"
45,29,135.8,222.5,235.6,7.9,2,0,1,104,23.09,101,18.91,92,10.6,6,2.13,510,0,"0","0","0","0","0","0","3"
59,0,182.5,204.7,229.9,11.3,4,0,0,104,31.03,95,17.4,100,10.35,8,3.05,510,0,"0","0","0","0","0","0","6"
183,8,86.5,285.2,180.4,8.7,2,0,1,119,14.71,97,24.24,133,8.12,2,2.35,415,0,"0","0","0","1","0","0","6"
125,0,137.1,209.8,238.4,8.6,1,0,0,94,23.31,83,17.83,114,10.73,4,2.32,408,0,"0","0","0","0","0","0","6"
99,0,238.4,246.5,198.4,12.4,3,0,0,96,40.53,130,20.95,117,8.93,4,3.35,510,0,"0","1","0","0","0","0","6"
120,0,202,184.3,176,7.4,2,1,0,123,34.34,78,15.67,89,7.92,2,2,408,1,"1","1","1","0","1","0","6"
177,0,232.8,175.2,212.2,12.5,2,0,0,106,39.58,97,14.89,77,9.55,7,3.38,415,0,"0","0","0","0","0","0","6"
94,38,170.1,193.3,105.9,12.8,1,0,1,124,28.92,116,16.43,73,4.77,4,3.46,408,0,"0","0","0","1","0","0","3"
97,0,217.6,320.5,150.7,4.2,0,0,0,81,36.99,51,27.24,110,6.78,3,1.13,408,0,"0","0","0","0","0","0","6"
86,0,190.5,179.6,258.5,10.1,3,0,0,115,32.39,130,15.27,89,11.63,5,2.73,510,0,"0","0","0","0","0","0","3"
90,0,37.8,155.3,175,14.2,3,0,0,80,6.43,105,13.2,111,7.88,5,3.83,415,0,"0","0","0","1","0","0","6"
69,0,185.3,219.1,243.6,5.5,0,0,0,91,31.5,88,18.62,107,10.96,5,1.49,408,0,"0","0","0","0","0","0","6"
171,25,223.2,183.2,150.8,10.2,3,0,1,77,37.94,118,15.57,90,6.79,3,2.75,415,0,"0","0","0","0","0","0","3"
97,0,146,203,151.8,13.3,1,0,0,121,24.82,141,17.26,120,6.83,2,3.59,415,0,"0","0","0","0","0","0","6"
144,0,61.6,77.1,173,8.2,4,0,0,117,10.47,85,6.55,99,7.79,7,2.21,408,1,"1","1","1","1","0","0","3"
169,0,57.1,199.7,274.7,6.5,3,1,0,98,9.71,78,16.97,103,12.36,6,1.76,415,0,"0","0","0","0","0","0","6"
83,0,202.3,201.5,101.7,6.8,0,0,0,87,34.39,111,17.13,82,4.58,4,1.84,408,0,"0","0","0","0","0","0","6"
142,0,232.5,181.8,203.1,10.4,4,0,0,74,39.53,142,15.45,86,9.14,6,2.81,415,0,"0","0","0","0","0","0","6"
197,0,127.3,222.3,173.9,13.7,5,1,0,80,21.64,115,18.9,95,7.83,5,3.7,415,1,"1","1","1","0","1","0","6"
73,0,214.2,196.8,157.9,5.9,0,0,0,90,36.41,78,16.73,112,7.11,8,1.59,415,0,"0","0","0","0","0","0","6"
169,0,235.7,136.9,220.9,13.3,1,0,0,79,40.07,85,11.64,97,9.94,10,3.59,415,0,"0","0","0","0","0","0","6"
64,0,97.2,186.2,189,10.4,2,0,0,80,16.52,90,15.83,92,8.5,6,2.81,415,0,"0","0","0","0","0","0","6"
122,0,140.1,231.4,188.1,11.2,2,0,0,120,23.82,128,19.67,127,8.46,5,3.02,415,0,"0","0","0","0","0","0","6"
108,0,291.6,221.1,229.2,14,2,0,0,99,49.57,93,18.79,110,10.31,9,3.78,415,1,"1","1","1","0","0","0","6"
62,0,147.1,190.4,195.2,12.2,0,0,0,91,25.01,107,16.18,115,8.78,3,3.29,415,0,"0","0","0","0","0","0","6"
130,0,155.9,256.1,262.9,11.7,3,0,0,95,26.5,97,21.77,103,11.83,3,3.16,415,0,"0","0","0","0","0","0","6"
116,0,197.9,168.1,239.8,12,1,0,0,84,33.64,113,14.29,145,10.79,6,3.24,408,0,"0","0","0","0","0","0","6"
126,0,321.3,167.9,193.6,8,1,0,0,99,54.62,93,14.27,106,8.71,4,2.16,408,1,"1","1","1","0","0","0","6"
107,0,134,174.5,311.1,7.3,3,0,0,104,22.78,94,14.83,79,14,3,1.97,408,0,"0","0","0","0","0","0","3"
70,0,222.8,215.9,223.5,0,1,0,0,114,37.88,113,18.35,122,10.06,0,0,415,0,"0","0","0","0","0","0","6"
99,0,174.1,99.1,211.6,7.7,2,0,0,102,29.6,118,8.42,126,9.52,2,2.08,415,0,"0","0","0","0","0","0","3"
120,0,137.3,212.2,152.7,10.5,1,0,0,100,23.34,129,18.04,92,6.87,2,2.84,415,0,"0","0","0","0","0","0","6"
61,15,252.4,187.8,259.6,10,2,0,1,106,42.91,69,15.96,137,11.68,3,2.7,415,0,"0","0","0","0","0","0","3"
80,38,236.6,197.5,209.5,9.5,2,0,1,69,40.22,68,16.79,102,9.43,10,2.57,415,0,"0","0","0","0","0","0","3"
73,0,234.7,195.7,253.4,8.4,2,0,0,102,39.9,110,16.63,71,11.4,8,2.27,510,0,"0","0","0","0","0","0","6"
163,0,178.7,215.7,152.7,10.6,4,0,0,56,30.38,79,18.33,84,6.87,2,2.86,510,0,"0","0","0","0","0","0","6"
54,0,273.8,119.6,267.6,11.7,1,0,0,113,46.55,156,10.17,117,12.04,3,3.16,415,0,"0","0","0","0","0","0","3"
64,0,224.8,190,221.4,9.2,1,0,0,111,38.22,101,16.15,110,9.96,2,2.48,415,0,"0","0","0","1","0","0","6"
96,37,172.7,120.1,216.1,10.3,5,0,1,93,29.36,116,10.21,86,9.72,5,2.78,415,1,"1","1","0","1","0","0","3"
83,0,221.4,231.8,122.5,9.8,3,0,0,103,37.64,103,19.7,100,5.51,5,2.65,415,0,"0","0","0","0","0","0","6"
119,0,109.2,153.1,240,9.8,2,0,0,96,18.56,80,13.01,102,10.8,5,2.65,415,0,"0","0","0","0","0","0","3"
149,28,180.7,187.8,265.5,12.6,3,0,1,92,30.72,64,15.96,53,11.95,3,3.4,408,0,"0","0","0","0","0","0","3"
101,28,220.3,285.8,203,9.4,4,0,1,96,37.45,72,24.29,111,9.14,6,2.54,415,0,"0","0","0","0","0","0","3"
73,31,194.4,176,230.1,11.5,0,0,1,104,33.05,84,14.96,110,10.35,3,3.11,415,0,"0","0","0","0","0","0","3"
68,0,157.3,220.9,218.9,12,1,0,0,83,26.74,85,18.78,129,9.85,7,3.24,510,0,"0","0","0","0","0","0","6"
129,0,150,232.4,261.2,12.5,1,0,0,98,25.5,101,19.75,123,11.75,6,3.38,415,0,"0","0","0","0","0","0","6"
131,39,69.1,101.3,104.8,9.1,0,0,1,122,11.75,136,8.61,94,4.72,4,2.46,415,0,"0","0","0","1","0","0","3"
16,0,144.8,164.9,231.5,8.2,2,0,0,84,24.62,141,14.02,75,10.42,4,2.21,510,0,"0","0","0","0","0","0","3"
150,35,139.6,332.8,213.8,8.8,2,0,1,72,23.73,170,28.29,105,9.62,2,2.38,415,0,"0","0","0","0","0","0","3"
130,0,176.3,201,161.9,11.3,1,0,0,140,29.97,104,17.09,123,7.29,5,3.05,408,0,"0","0","0","0","0","0","6"
83,26,226.4,234.7,133.6,10.8,1,0,1,117,38.49,97,19.95,82,6.01,7,2.92,510,0,"0","0","0","0","0","0","3"
86,0,83.8,240.2,158.6,6.7,1,0,0,121,14.25,96,20.42,108,7.14,8,1.81,408,0,"0","0","0","0","0","0","6"
150,27,209.8,155,251.5,7.2,0,0,1,112,35.67,80,13.18,111,11.32,6,1.94,408,0,"0","0","0","0","0","0","3"
162,0,184.5,224,180.5,11.6,1,0,0,118,31.37,95,19.04,82,8.12,3,3.13,408,0,"0","0","0","0","0","0","6"
137,0,110.5,223.2,169.5,10.5,3,0,0,79,18.79,111,18.97,64,7.63,3,2.84,510,0,"0","0","0","0","0","0","6"
128,40,171.2,145.7,196.8,14,1,0,1,88,29.1,109,12.38,93,8.86,6,3.78,415,0,"0","0","0","0","0","0","3"
132,0,193.3,128.3,162.1,11.6,5,0,0,106,32.86,94,10.91,119,7.29,4,3.13,415,1,"1","0","0","0","0","0","6"
184,0,236.4,287.3,192,13.8,1,0,0,73,40.19,120,24.42,94,8.64,4,3.73,415,1,"1","1","1","0","0","0","6"
106,0,191.4,200.7,230.1,8.2,1,0,0,124,32.54,116,17.06,76,10.35,3,2.21,415,0,"0","0","0","0","0","0","6"
110,0,222.7,105.8,214.8,13.5,1,0,0,94,37.86,98,8.99,78,9.67,4,3.65,408,0,"0","0","0","0","0","0","3"
119,16,147.2,160.1,184,7.7,0,1,1,103,25.02,96,13.61,120,8.28,2,2.08,408,1,"1","1","0","1","0","0","3"
47,37,163.5,203.1,232,7.8,2,0,1,77,27.8,102,17.26,87,10.44,4,2.11,415,0,"0","0","0","0","0","0","3"
13,0,146.4,148.5,216.7,11.3,1,0,0,74,24.89,92,12.62,96,9.75,3,3.05,415,0,"0","0","0","0","0","0","3"
131,0,211.8,260.5,144.2,10.8,0,0,0,115,36.01,102,22.14,96,6.49,7,2.92,415,0,"0","0","0","0","0","0","6"
38,0,137.8,286.3,167,14.1,2,0,0,86,23.43,76,24.34,77,7.52,3,3.81,415,0,"0","0","0","0","0","0","6"
132,0,197.8,133.9,177.3,10.9,4,0,0,66,33.63,119,11.38,94,7.98,3,2.94,415,1,"1","0","0","0","0","0","6"
73,28,198.2,139.1,199.1,8.8,2,0,1,107,33.69,123,11.82,139,8.96,1,2.38,510,0,"0","0","0","0","0","0","3"
98,21,64.6,176.1,244.8,0,2,0,1,98,10.98,86,14.97,84,11.02,0,0,408,0,"0","0","0","0","0","0","3"
100,0,218.8,148.3,277.8,9.7,1,0,0,125,37.2,102,12.61,97,12.5,6,2.62,408,0,"0","0","0","0","0","0","3"
46,0,122.2,167.2,194.8,9.7,1,0,0,67,20.77,62,14.21,98,8.77,6,2.62,415,0,"0","0","0","0","0","0","6"
127,0,221,160.7,233.1,6.8,2,0,0,100,37.57,113,13.66,96,10.49,4,1.84,415,0,"0","0","0","0","0","0","6"
185,30,154.1,118.7,258.4,12.9,2,1,1,114,26.2,106,10.09,105,11.63,3,3.48,415,0,"0","0","0","0","0","0","3"
70,0,226.7,228.1,73.2,17.6,2,1,0,98,38.54,115,19.39,93,3.29,4,4.75,510,1,"1","1","1","0","1","0","6"
104,0,144.5,180.5,226,17,2,0,0,107,24.57,85,15.34,94,10.17,6,4.59,415,0,"0","0","0","0","0","0","6"
164,27,159.7,168.8,244.1,9.6,3,0,1,102,27.15,113,14.35,127,10.98,9,2.59,510,0,"0","0","0","1","0","0","3"
161,0,156.1,180.3,179.6,11.1,2,1,0,114,26.54,63,15.33,115,8.08,9,3,415,0,"0","0","0","0","0","0","6"
67,0,115.5,252.2,208.9,7.5,0,0,0,70,19.64,143,21.44,91,9.4,6,2.03,415,0,"0","0","0","0","0","0","6"
81,0,173.2,236.2,240.2,11.8,2,0,0,80,29.44,94,20.08,84,10.81,6,3.19,415,0,"0","0","0","0","0","0","6"
71,39,183.2,209.4,172.4,11.9,1,0,1,103,31.14,111,17.8,109,7.76,6,3.21,415,0,"0","0","0","0","0","0","3"
83,0,178.8,167.9,178.9,8.6,3,0,0,102,30.4,84,14.27,65,8.05,4,2.32,415,0,"0","0","0","0","0","0","6"
126,0,190.9,149.7,191.4,13,1,0,0,143,32.45,72,12.72,87,8.61,3,3.51,415,0,"0","0","0","0","0","0","6"
95,32,262.2,165.2,194.3,10.6,0,0,1,123,44.57,82,14.04,57,8.74,5,2.86,408,0,"0","0","0","0","0","0","3"
87,0,177.2,248.9,200.8,8.6,3,0,0,72,30.12,105,21.16,87,9.04,7,2.32,415,0,"0","0","0","0","0","0","6"
94,0,170.1,271.8,110.7,8.7,1,1,0,113,28.92,94,23.1,78,4.98,4,2.35,408,0,"0","0","0","0","0","0","6"
132,0,206.2,211.2,196.2,10.2,1,0,0,100,35.05,118,17.95,122,8.83,6,2.75,408,0,"0","0","0","0","0","0","6"
210,0,104.6,149.5,255.1,6.5,2,0,0,121,17.78,71,12.71,67,11.48,8,1.76,408,0,"0","0","0","0","0","0","3"
106,0,210.6,249.2,191.4,12.4,2,0,0,96,35.8,85,21.18,88,8.61,1,3.35,510,1,"0","0","0","0","0","0","6"
126,0,197.6,246.5,285.3,12.5,2,1,0,126,33.59,112,20.95,104,12.84,8,3.38,408,0,"0","0","0","0","1","0","6"
243,0,95.5,163.7,264.2,6.6,2,0,0,92,16.24,63,13.91,118,11.89,6,1.78,510,0,"0","0","0","0","0","0","3"
106,29,83.6,203.9,229.5,8.1,1,0,1,131,14.21,131,17.33,73,10.33,3,2.19,408,0,"0","0","0","1","0","0","3"
74,35,154.1,123.4,202.1,10.9,2,0,1,104,26.2,84,10.49,57,9.09,9,2.94,415,0,"0","0","0","1","0","0","3"
15,0,141.4,123.9,323.5,8.1,2,1,0,80,24.04,76,10.53,88,14.56,3,2.19,510,0,"0","0","0","0","0","0","3"
73,26,131.2,106.5,221.7,10.2,2,0,1,98,22.3,97,9.05,96,9.98,6,2.75,408,0,"0","0","0","1","0","0","3"
112,0,194.4,190.3,183.4,11.4,0,0,0,101,33.05,82,16.18,107,8.25,2,3.08,510,0,"0","0","0","0","0","0","6"
105,29,220.7,217.7,190.5,13.2,1,1,1,82,37.52,110,18.5,100,8.57,6,3.56,415,1,"1","1","1","0","0","0","3"
120,27,153.5,194,256.5,10.2,5,0,1,84,26.1,73,16.49,94,11.54,7,2.75,510,0,"1","1","1","1","0","0","3"
109,0,154.8,287.7,208.4,5.9,3,0,0,82,26.32,109,24.45,80,9.38,9,1.59,510,0,"0","0","0","0","0","0","6"
142,0,232.1,168.2,197.3,9.9,1,0,0,102,39.46,110,14.3,120,8.88,3,2.67,510,0,"0","0","0","0","0","0","6"
87,0,134.2,165,173.1,10.7,0,1,0,80,22.81,71,14.03,102,7.79,5,2.89,510,0,"0","0","0","0","0","0","6"
120,27,128.5,163.7,242.9,0,1,0,1,115,21.85,91,13.91,121,10.93,0,0,510,0,"0","0","0","1","0","0","3"
80,0,161.1,198.8,228.4,10.6,1,0,0,99,27.39,81,16.9,116,10.28,4,2.86,415,0,"0","0","0","0","0","0","6"
111,0,176.9,102.8,213.7,10.5,4,0,0,128,30.07,56,8.74,84,9.62,2,2.84,510,1,"1","1","0","0","0","0","3"
24,0,156.2,90,205.1,7.3,1,0,0,104,26.55,101,7.65,116,9.23,5,1.97,415,0,"0","0","0","1","0","0","3"
25,0,264.9,281.2,166.1,8.4,1,0,0,80,45.03,66,23.9,80,7.47,4,2.27,408,1,"1","1","1","0","0","0","6"
148,0,153.6,262.1,225.5,9.8,2,0,0,148,26.11,87,22.28,99,10.15,3,2.65,408,0,"0","0","0","0","0","0","6"
51,12,135.8,200.6,192.4,12.3,2,1,1,60,23.09,134,17.05,98,8.66,7,3.32,510,0,"0","0","0","0","0","0","3"
174,0,190.3,252.7,220.6,7.2,2,0,0,98,32.35,70,21.48,97,9.93,9,1.94,415,0,"0","0","0","0","0","0","6"
105,0,150,293.8,250.7,10.3,3,1,0,106,25.5,123,24.97,65,11.28,7,2.78,415,0,"0","0","0","0","1","0","6"
176,23,283.2,162.6,177.7,7.2,1,0,1,130,48.14,74,13.82,104,8,6,1.94,415,0,"0","0","0","0","0","0","3"
120,0,221.3,267.6,111.5,9.3,0,0,0,106,37.62,98,22.75,80,5.02,7,2.51,415,0,"0","0","0","0","0","0","6"
88,0,181.9,151.5,143,7.5,1,0,0,90,30.92,87,12.88,100,6.44,3,2.03,415,0,"0","0","0","0","0","0","6"
163,0,197,202.6,206.4,9.1,1,0,0,109,33.49,128,17.22,80,9.29,10,2.46,408,0,"0","0","0","0","0","0","6"
111,0,214.3,208.5,182.4,12,1,0,0,118,36.43,76,17.72,98,8.21,2,3.24,510,0,"0","0","0","0","0","0","6"
148,0,239.3,195.7,232.6,10.9,1,0,0,84,40.68,85,16.63,104,10.47,3,2.94,510,0,"0","0","0","0","0","0","6"
156,0,123.7,103,189.4,13.1,1,0,0,96,21.03,80,8.76,82,8.52,4,3.54,510,0,"0","0","0","1","0","0","3"
115,0,210.6,153.1,262.2,11,0,0,0,120,35.8,84,13.01,79,11.8,5,2.97,415,0,"0","0","0","0","0","0","3"
130,0,115.6,167.8,141.8,12.6,1,0,0,129,19.65,104,14.26,124,6.38,9,3.4,408,0,"0","0","0","0","0","0","6"
57,0,158.1,115.2,182.4,11.8,0,0,0,117,26.88,149,9.79,92,8.21,7,3.19,415,0,"0","0","0","0","0","0","3"
74,0,177.4,240.3,237.3,12,0,0,0,136,30.16,104,20.43,133,10.68,3,3.24,408,0,"0","0","0","0","0","0","6"
147,0,248.6,148.9,172.5,8,3,0,0,83,42.26,85,12.66,109,7.76,4,2.16,510,0,"0","0","0","0","0","0","6"
70,0,148.4,267.1,151.5,8.9,0,0,0,110,25.23,90,22.7,101,6.82,4,2.4,408,0,"0","0","0","0","0","0","6"
109,0,222.2,218.5,266,10.9,1,0,0,113,37.77,122,18.57,88,11.97,5,2.94,408,0,"0","0","0","0","0","0","6"
78,0,109.5,286.1,247.6,4.9,1,0,0,105,18.62,90,24.32,113,11.14,9,1.32,415,0,"0","0","0","0","0","0","6"
135,22,197.1,259.4,134.7,14.6,2,0,1,113,33.51,95,22.05,135,6.06,5,3.94,415,0,"0","0","0","0","0","0","3"
94,0,252.6,169,170.9,11.1,2,0,0,104,42.94,125,14.37,106,7.69,7,3,415,0,"0","0","0","0","0","0","6"
35,37,181.2,177.6,228,5,2,0,1,76,30.8,98,15.1,136,10.26,3,1.35,510,0,"0","0","0","1","0","0","3"
107,0,146.9,114.3,114.5,11.4,3,0,0,94,24.97,111,9.72,97,5.15,5,3.08,415,0,"0","0","0","0","0","0","6"
83,0,231.3,210.4,217.4,12.4,3,0,0,100,39.32,84,17.88,106,9.78,2,3.35,415,0,"0","0","0","0","0","0","6"
133,0,216.2,222.2,192,3.1,2,0,0,67,36.75,133,18.89,95,8.64,1,0.84,415,0,"0","0","0","0","0","0","6"
140,0,159.1,269.8,220.4,10.3,1,0,0,104,27.05,106,22.93,116,9.92,4,2.78,415,0,"0","0","0","0","0","0","6"
18,0,197,203.7,202,8.7,3,0,0,97,33.49,107,17.31,105,9.09,3,2.35,408,0,"0","0","0","0","0","0","6"
75,0,222.4,327,208,8.7,1,1,0,78,37.81,111,27.8,104,9.36,9,2.35,415,1,"0","0","0","0","1","0","6"
120,0,203.3,259.9,115.9,7.8,3,0,0,108,34.56,66,22.09,103,5.22,2,2.11,415,0,"0","0","0","0","0","0","6"
117,0,119,187.5,189.3,11.5,1,0,0,82,20.23,108,15.94,97,8.52,3,3.11,408,0,"0","0","0","0","0","0","6"
91,0,109.8,189.6,206.7,11.1,1,0,0,100,18.67,104,16.12,85,9.3,3,3,510,0,"0","0","0","0","0","0","6"
115,0,268,153.6,232.3,17,3,0,0,115,45.56,106,13.06,65,10.45,1,4.59,408,0,"0","0","0","0","1","0","3"
101,23,262.2,157,129.1,7.3,1,0,1,101,44.57,80,13.35,100,5.81,14,1.97,408,0,"0","0","0","0","0","0","3"
130,0,154.2,110.2,227.4,9.2,2,0,0,119,26.21,98,9.37,117,10.23,5,2.48,510,0,"0","0","0","0","0","0","3"
173,21,232.4,211.9,273,5,3,0,1,96,39.51,118,18.01,102,12.29,5,1.35,510,0,"0","0","0","0","0","0","3"
59,0,204.3,247.3,214.7,12,1,0,0,65,34.73,123,21.02,94,9.66,4,3.24,415,0,"0","0","0","0","0","0","6"
113,0,207.2,256,211,9.9,1,0,0,113,35.22,80,21.76,87,9.49,1,2.67,510,0,"0","0","0","0","0","0","6"
129,0,198.4,264.7,111.4,9.2,2,0,0,91,33.73,106,22.5,101,5.01,2,2.48,415,0,"0","0","0","0","0","0","6"
95,0,238.1,187.2,190,11.8,4,0,0,65,40.48,98,15.91,115,8.55,4,3.19,408,0,"0","0","0","0","0","0","6"
44,0,143.2,169.8,215.8,7.6,1,0,0,77,24.34,114,14.43,77,9.71,4,2.05,510,0,"0","0","0","0","0","0","6"
139,0,134.4,211.3,193.6,10.2,5,0,0,106,22.85,98,17.96,125,8.71,2,2.75,510,1,"1","1","1","0","0","0","6"
122,34,146.4,89.7,220,15.6,2,0,1,104,24.89,103,7.62,91,9.9,4,4.21,415,0,"0","0","0","1","0","0","3"
63,0,261.8,245,202.1,14.7,0,0,0,69,44.51,135,20.83,94,9.09,4,3.97,510,1,"1","1","1","0","0","0","6"
77,0,169.4,184.9,234.3,2,1,0,0,102,28.8,144,15.72,89,10.54,7,0.54,415,0,"0","0","0","0","0","0","3"
68,0,143.6,134.3,215.6,15.5,2,0,0,80,24.41,65,11.42,84,9.7,5,4.19,510,0,"0","0","0","0","0","0","3"
16,0,205.6,169.5,220.1,10.9,0,0,0,69,34.95,93,14.41,64,9.9,3,2.94,510,0,"0","0","0","0","0","0","6"
81,0,145.4,129.3,186.4,5.2,1,0,0,132,24.72,91,10.99,109,8.39,4,1.4,415,0,"0","0","0","0","0","0","3"
124,0,157.8,203.2,168.7,10,3,1,0,71,26.83,114,17.27,82,7.59,2,2.7,510,1,"1","1","1","0","1","0","6"
126,0,249.8,261.9,166.8,12.7,3,0,0,96,42.47,92,22.26,108,7.51,4,3.43,415,1,"1","0","1","0","0","0","6"
169,0,266.7,158.2,287.7,13.8,3,0,0,105,45.34,88,13.45,111,12.95,3,3.73,408,1,"0","0","1","0","1","0","3"
135,0,201.8,225,204.4,10.3,1,0,0,81,34.31,114,19.13,82,9.2,6,2.78,415,0,"0","0","0","0","0","0","6"
112,36,113.7,157.5,177.6,10,2,0,1,117,19.33,82,13.39,118,7.99,3,2.7,510,0,"0","0","0","1","0","0","3"
140,28,157.1,172.4,184.5,11.1,1,0,1,77,26.71,97,14.65,94,8.3,9,3,510,0,"0","0","0","1","0","0","3"
132,0,214.6,251.7,240.8,13.9,0,0,0,78,36.48,98,21.39,88,10.84,2,3.75,408,0,"0","0","0","0","0","0","6"
77,0,239.2,150,160.8,10.3,5,0,0,114,40.66,115,12.75,81,7.24,2,2.78,415,0,"1","0","0","0","1","0","6"
96,0,150,218.5,212.4,9.8,3,0,0,122,25.5,116,18.57,89,9.56,1,2.65,510,0,"0","0","0","0","0","0","6"
117,0,167.1,177.5,249.4,14.1,2,1,0,86,28.41,87,15.09,132,11.22,7,3.81,408,1,"1","1","1","0","1","0","6"
54,0,210.5,204.5,127.8,8.5,1,0,0,102,35.79,83,17.38,53,5.75,5,2.3,510,0,"0","0","0","0","0","0","6"
112,31,225.2,256.8,249.7,11.5,4,0,1,89,38.28,117,21.83,87,11.24,1,3.11,415,0,"0","0","0","0","0","0","3"
26,0,234.5,216.5,191.6,3.5,3,0,0,109,39.87,129,18.4,94,8.62,6,0.95,415,0,"0","0","0","0","0","0","6"
200,0,128.2,133.2,177.6,11.2,1,0,0,87,21.79,105,11.32,123,7.99,2,3.02,408,0,"0","0","0","0","0","0","6"
48,0,300.4,133.2,197.4,7.2,2,0,0,94,51.07,103,11.32,94,8.88,5,1.94,510,0,"1","0","0","0","0","0","6"
67,0,171.7,110.4,195.4,11.9,2,0,0,80,29.19,81,9.38,111,8.79,4,3.21,415,0,"0","0","0","0","0","0","3"
96,27,261.3,220.9,179.4,11.3,1,0,1,96,44.42,101,18.78,97,8.07,2,3.05,415,0,"0","0","0","0","0","0","3"
53,37,167.3,194.7,236.7,12,2,0,1,99,28.44,99,16.55,112,10.65,9,3.24,510,0,"0","0","0","1","0","0","3"
102,0,174.5,213.7,164.7,10.3,4,0,0,73,29.67,114,18.16,116,7.41,5,2.78,408,0,"0","0","0","0","0","0","6"
100,25,215.9,257.9,180.2,11.6,1,0,1,90,36.7,92,21.92,157,8.11,4,3.13,415,0,"0","0","0","0","0","0","3"
30,0,169.9,225.2,169.7,11.4,1,0,0,144,28.88,118,19.14,93,7.64,7,3.08,415,0,"0","0","0","0","0","0","6"
51,26,236.8,263.4,181.1,11.2,1,0,1,61,40.26,97,22.39,91,8.15,8,3.02,415,0,"0","0","0","0","0","0","3"
72,0,207.8,195.7,184.8,13.1,0,0,0,92,35.33,110,16.63,124,8.32,4,3.54,415,0,"0","0","0","0","0","0","6"
65,0,192,139.5,187.4,5.5,2,0,0,89,32.64,88,11.86,102,8.43,4,1.49,510,0,"0","0","0","0","0","0","6"
127,0,107.9,187,218.5,0,0,0,0,128,18.34,77,15.9,95,9.83,0,0,510,0,"0","0","0","0","0","0","6"
106,0,194.8,213.4,190.8,11.5,0,0,0,133,33.12,73,18.14,92,8.59,7,3.11,510,0,"0","0","0","0","0","0","6"
135,0,190.9,161.4,231.9,8.4,1,0,0,44,32.45,109,13.72,100,10.44,2,2.27,415,0,"0","0","0","0","0","0","6"
174,15,221.8,210.6,221.8,12.4,1,0,1,143,37.71,115,17.9,109,9.98,9,3.35,415,0,"0","0","0","0","0","0","3"
80,0,197.5,206.9,163.6,11.3,1,0,0,114,33.58,119,17.59,109,7.36,4,3.05,415,0,"0","0","0","0","0","0","6"
87,0,58,67.5,185.9,11.5,0,0,0,125,9.86,116,5.74,136,8.37,3,3.11,415,0,"0","0","0","1","0","0","3"
201,21,192,239.1,116.1,15.1,1,0,1,97,32.64,81,20.32,125,5.22,3,4.08,415,0,"0","0","0","0","0","0","3"
112,30,60.6,165.9,132.8,13.3,0,0,1,113,10.3,96,14.1,99,5.98,7,3.59,408,0,"0","0","0","1","0","0","3"
136,21,179.4,181.1,320.7,9.5,2,0,1,88,30.5,97,15.39,120,14.43,4,2.57,415,0,"0","0","0","0","0","0","3"
117,23,198.1,177,180.5,6.8,1,0,1,86,33.68,86,15.05,92,8.12,6,1.84,415,0,"0","0","0","0","0","0","3"
62,0,120.7,307.2,203,13.1,4,0,0,70,20.52,76,26.11,99,9.14,6,3.54,415,0,"1","1","0","0","0","0","6"
192,36,156.2,215.5,279.1,9.9,2,0,1,77,26.55,126,18.32,83,12.56,6,2.67,415,0,"0","0","0","1","0","0","3"
130,0,203.9,191.8,132.5,12.1,3,0,0,63,34.66,93,16.3,125,5.96,4,3.27,510,0,"0","0","0","0","0","0","6"
103,0,246.5,195.5,200.5,11.7,1,0,0,47,41.91,84,16.62,96,9.02,4,3.16,510,0,"0","0","0","0","0","0","6"
112,0,174.3,140.2,215.4,9,4,0,0,123,29.63,124,11.92,89,9.69,6,2.43,415,1,"1","0","0","0","0","0","3"
112,22,181.8,228.1,262.7,9.2,2,0,1,110,30.91,123,19.39,141,11.82,4,2.48,415,0,"0","0","0","0","0","0","3"
190,0,111.9,223,243.2,10,3,1,0,55,19.02,124,18.96,81,10.94,7,2.7,415,0,"0","0","0","0","0","0","6"
78,0,220,179.9,188.2,11.5,0,0,0,95,37.4,121,15.29,109,8.47,5,3.11,408,0,"0","0","0","0","0","0","6"
93,20,187.5,169.8,175.3,12.1,1,1,1,110,31.88,94,14.43,127,7.89,4,3.27,415,0,"0","0","0","0","0","0","3"
108,25,170.7,109.9,165.7,8.7,3,0,1,88,29.02,113,9.34,99,7.46,1,2.35,510,0,"0","0","0","1","0","0","3"
56,0,91.1,179.3,300.7,11.9,2,0,0,90,15.49,115,15.24,89,13.53,8,3.21,408,0,"0","0","0","0","0","0","3"
120,31,153.5,219.1,237.4,11.4,0,0,1,83,26.1,96,18.62,76,10.68,4,3.08,415,0,"0","0","0","0","0","0","3"
116,0,159.4,179.5,167.8,9.7,6,0,0,79,27.1,88,15.26,71,7.55,2,2.62,408,1,"1","1","1","0","0","0","6"
101,28,105.9,231.7,281.3,10.7,1,0,1,132,18,107,19.69,120,12.66,5,2.89,415,0,"0","0","0","1","0","0","3"
109,0,264.7,305,197.4,9.5,1,0,0,69,45,120,25.93,86,8.88,9,2.57,408,1,"1","1","1","0","0","0","6"
74,0,174.1,251.1,257.6,8.3,2,0,0,96,29.6,94,21.34,123,11.59,5,2.24,408,1,"0","0","0","0","0","0","6"
69,0,183.4,237.6,228,9,3,0,0,85,31.18,100,20.2,94,10.26,5,2.43,415,0,"0","0","0","0","0","0","6"
122,22,204.5,139.6,205,8.6,2,0,1,92,34.77,121,11.87,103,9.23,5,2.32,510,0,"0","0","0","0","0","0","3"
81,0,227.4,211.5,258.2,11.9,0,1,0,105,38.66,120,17.98,113,11.62,3,3.21,510,0,"0","0","0","0","1","0","6"
52,0,215.9,217,342.8,5.2,1,0,0,67,36.7,108,18.45,130,15.43,2,1.4,408,0,"0","0","0","0","0","0","3"
99,0,169.2,271.5,170.2,10.6,0,0,0,70,28.76,77,23.08,104,7.66,2,2.86,510,0,"0","0","0","0","0","0","6"
138,0,220.2,88.3,195.3,12.9,0,0,0,89,37.43,125,7.51,79,8.79,5,3.48,510,0,"0","0","0","0","0","0","3"
41,0,143.6,152.4,194.4,8.6,1,0,0,117,24.41,108,12.95,110,8.75,3,2.32,415,0,"0","0","0","0","0","0","6"
125,0,168.6,175.6,243.3,10.9,0,0,0,99,28.66,107,14.93,92,10.95,7,2.94,510,0,"0","0","0","0","0","0","6"
100,0,107.2,86.8,156.2,9.7,1,1,0,98,18.22,122,7.38,117,7.03,4,2.62,510,0,"0","0","0","1","0","0","6"
44,0,308.6,150.8,198.7,7.3,4,0,0,139,52.46,94,12.82,66,8.94,3,1.97,415,1,"1","1","0","0","1","0","6"
105,0,227.4,268.5,143.3,13,1,0,0,121,38.66,89,22.82,82,6.45,4,3.51,510,0,"1","0","0","0","0","0","6"
152,0,161.4,163.6,153.2,11.8,1,0,0,84,27.44,88,13.91,121,6.89,5,3.19,510,0,"0","0","0","0","0","0","6"
48,0,197.7,136.7,244.4,13.2,4,0,0,64,33.61,126,11.62,81,11,5,3.56,415,0,"1","0","0","0","0","0","3"
63,36,199,291.3,197.6,11,1,1,1,110,33.83,111,24.76,92,8.89,6,2.97,415,0,"0","0","0","0","0","0","3"
90,0,102,113.3,188.6,11.4,2,0,0,118,17.34,134,9.63,105,8.49,3,3.08,415,0,"0","0","0","1","0","0","3"
142,0,145.4,209.1,214,10.9,1,0,0,93,24.72,98,17.77,96,9.63,1,2.94,415,0,"0","0","0","0","0","0","6"
131,23,170.8,236.7,294.5,12.7,1,0,1,145,29.04,93,20.12,100,13.25,1,3.43,415,0,"0","0","0","0","0","0","3"
3,0,161,244.9,180.8,7.7,1,1,0,96,27.37,82,20.82,103,8.14,6,2.08,510,0,"0","0","0","0","0","0","6"
102,0,224.2,243.3,147.8,12,3,1,0,81,38.11,90,20.68,66,6.65,8,3.24,510,0,"0","0","0","0","1","0","6"
84,42,214.3,188.2,333.5,11.3,0,0,1,112,36.43,107,16,117,15.01,10,3.05,415,0,"0","0","0","0","0","0","3"
126,23,114.3,190.3,240.4,12.6,3,0,1,102,19.43,103,16.18,111,10.82,7,3.4,415,0,"0","0","0","0","0","0","3"
115,0,286.4,205.7,191.4,6.9,1,0,0,125,48.69,74,17.48,141,8.61,6,1.86,415,1,"1","1","1","0","0","0","6"
129,0,101.4,249.1,157.6,7.1,1,0,0,145,17.24,116,21.17,107,7.09,6,1.92,408,0,"0","0","0","0","0","0","6"
177,0,189.5,176.3,225.9,14.2,1,0,0,99,32.22,117,14.99,112,10.17,2,3.83,408,0,"0","0","0","0","0","0","6"
127,0,256.5,222.1,156.7,13,1,1,0,87,43.61,101,18.88,122,7.05,3,3.51,415,0,"1","0","1","0","1","0","6"
54,39,117.6,159.2,236.4,11.3,2,0,1,82,19.99,60,13.53,113,10.64,10,3.05,510,0,"0","0","0","1","0","0","3"
71,0,186.1,198.6,206.5,13.8,4,1,0,114,31.64,140,16.88,80,9.29,5,3.73,510,1,"0","0","1","0","1","0","6"
130,0,127,206.9,231.7,6.1,0,0,0,102,21.59,107,17.59,99,10.43,6,1.65,408,0,"0","0","0","0","0","0","6"
135,28,201.4,246.5,154.8,12.9,2,0,1,100,34.24,117,20.95,131,6.97,4,3.48,510,1,"0","0","0","0","0","0","3"
78,0,87.7,214.8,201.3,10.8,1,0,0,74,14.91,58,18.26,147,9.06,6,2.92,415,0,"0","0","0","1","0","0","6"
136,0,102.1,219.5,73.7,9.8,0,0,0,75,17.36,97,18.66,92,3.32,5,2.65,408,0,"0","0","0","1","0","0","6"
134,0,208.3,253.6,291,12.6,1,0,0,86,35.41,89,21.56,86,13.1,3,3.4,408,0,"0","0","0","0","0","0","6"
159,0,189.1,246.1,242,10.4,1,0,0,105,32.15,147,20.92,106,10.89,5,2.81,415,1,"0","0","0","0","0","0","6"
137,0,206.4,128,194.5,8.8,2,0,0,122,35.09,102,10.88,84,8.75,5,2.38,510,0,"0","0","0","0","0","0","3"
85,0,183.4,168.8,199.7,9.9,4,0,0,111,31.18,98,14.35,97,8.99,4,2.67,510,0,"0","0","0","0","0","0","6"
31,28,171.8,240.7,245.5,10.6,1,0,1,116,29.21,125,20.46,80,11.05,7,2.86,408,0,"0","0","0","0","0","0","3"
68,24,125.7,275.9,214.5,14.2,3,1,1,92,21.37,98,23.45,108,9.65,6,3.83,415,1,"1","1","1","0","0","0","3"
113,0,204.3,188.8,139.4,9.2,1,1,0,82,34.73,115,16.05,97,6.27,7,2.48,415,0,"0","0","0","0","0","0","6"
105,0,211.1,176.7,221.5,14.7,4,0,0,99,35.89,66,15.02,96,9.97,7,3.97,415,0,"0","0","0","0","0","0","6"
73,0,94.1,280.3,205,9.8,0,0,0,136,16,122,23.83,77,9.23,4,2.65,408,0,"0","0","0","0","0","0","6"
98,0,12.5,256.6,169.4,7.7,1,1,0,67,2.13,90,21.81,88,7.62,9,2.08,415,0,"0","0","0","0","0","0","6"
90,29,185.6,219.7,152.1,11.1,2,0,1,106,31.55,113,18.67,120,6.84,5,3,415,0,"0","0","0","0","0","0","3"
113,32,180.4,129.4,166.9,8.4,1,0,1,89,30.67,124,11,124,7.51,2,2.27,415,0,"0","0","0","0","0","0","3"
140,0,194.8,170.9,225.1,13.9,0,0,0,107,33.12,99,14.53,93,10.13,4,3.75,408,0,"0","0","0","0","0","0","6"
50,0,188.9,203.9,151.8,11.6,3,0,0,94,32.11,104,17.33,124,6.83,8,3.13,510,0,"0","0","0","0","0","0","6"
93,0,271.1,237.4,145.4,8.4,1,0,0,101,46.09,133,20.18,103,6.54,6,2.27,415,1,"1","1","1","0","0","0","6"
71,0,238,278.5,193.1,11.8,0,0,0,82,40.46,94,23.67,134,8.69,10,3.19,510,1,"1","1","1","0","0","0","6"
94,0,190.6,152.3,144.7,7.5,1,0,0,108,32.4,95,12.95,97,6.51,5,2.03,510,0,"0","0","0","0","0","0","6"
136,0,183.4,141.9,200.4,10.4,2,1,0,103,31.18,113,12.06,122,9.02,9,2.81,408,0,"0","0","0","0","0","0","6"
37,0,206,186,307.1,8.4,0,0,0,89,35.02,88,15.81,86,13.82,11,2.27,415,0,"0","0","0","0","0","0","3"
88,0,192,127.6,155.6,7.5,1,0,0,91,32.64,127,10.85,125,7,5,2.03,415,0,"0","0","0","0","0","0","6"
46,0,214.1,164.4,177.5,8.2,2,0,0,72,36.4,104,13.97,113,7.99,3,2.21,415,0,"0","0","0","0","0","0","6"
125,23,120.5,227.8,158.5,10.2,1,0,1,104,20.49,115,19.36,100,7.13,3,2.75,408,0,"0","0","0","0","0","0","3"
67,0,167.8,167.7,110.3,8.4,1,0,0,91,28.53,69,14.25,71,4.96,12,2.27,408,0,"0","0","0","1","0","0","6"
130,0,120.5,189.7,270.1,14.3,1,0,0,127,20.49,52,16.12,107,12.15,2,3.86,415,0,"0","0","0","0","0","0","3"
118,0,160,175.4,184.8,9.9,2,1,0,123,27.2,96,14.91,99,8.32,3,2.67,408,0,"0","0","0","0","0","0","6"
86,0,92.8,159.6,148.7,8.8,1,0,0,92,15.78,87,13.57,115,6.69,5,2.38,510,0,"0","0","0","1","0","0","6"
224,0,171.5,160,212.4,5,1,1,0,99,29.16,103,13.6,102,9.56,2,1.35,510,1,"1","1","0","0","0","0","6"
128,0,147.7,283.3,188.3,6.9,2,0,0,94,25.11,83,24.08,124,8.47,5,1.86,415,0,"0","0","0","0","0","0","6"
98,29,111.1,217.9,248.1,6.6,2,0,1,105,18.89,101,18.52,108,11.16,3,1.78,510,0,"0","0","0","1","0","0","3"
80,0,220,207.7,168.4,12.1,2,0,0,114,37.4,76,17.65,137,7.58,3,3.27,415,0,"0","0","0","0","0","0","6"
74,0,124,262.1,268.2,11.7,2,0,0,102,21.08,101,22.28,98,12.07,2,3.16,510,0,"0","0","0","0","0","0","6"
62,0,189.5,103.8,180.6,10.8,2,0,0,122,32.22,95,8.82,106,8.13,5,2.92,415,0,"0","0","0","0","0","0","3"
75,0,147.5,191.7,135,16.4,2,0,0,110,25.08,97,16.29,68,6.08,3,4.43,408,0,"0","0","0","0","0","0","6"
119,29,117.8,256.8,147.6,7.6,3,0,1,66,20.03,114,21.83,76,6.64,3,2.05,415,0,"0","0","0","1","0","0","3"
97,0,211,189,123,4.7,3,0,0,76,35.87,100,16.07,102,5.54,4,1.27,510,0,"0","0","0","0","0","0","6"
85,0,165.4,196,349.2,9.6,2,1,0,107,28.12,126,16.66,110,15.71,7,2.59,408,0,"0","0","0","0","1","0","3"
19,0,237.7,207.1,182.2,4.5,0,1,0,98,40.41,121,17.6,95,8.2,4,1.22,415,0,"0","0","0","0","0","0","6"
8,36,242.9,170.9,177.3,4.8,1,0,1,67,41.29,59,14.53,130,7.98,12,1.3,415,0,"0","0","0","0","0","0","3"
66,32,187.8,129.8,132.3,12,2,0,1,117,31.93,90,11.03,113,5.95,3,3.24,408,0,"0","0","0","0","0","0","3"
83,30,272.5,253,180.8,8.7,3,0,1,105,46.33,83,21.51,123,8.14,6,2.35,415,0,"0","0","0","0","0","0","3"
141,0,151.5,242.2,304.2,10.8,1,0,0,104,25.76,114,20.59,109,13.69,2,2.92,415,0,"0","0","0","0","0","0","6"
94,0,220.8,156.2,187.9,10.5,2,0,0,111,37.54,67,13.28,89,8.46,4,2.84,415,0,"0","0","0","0","0","0","6"
114,31,222.8,180.5,151.3,13,0,0,1,98,37.88,105,15.34,101,6.81,4,3.51,415,0,"0","0","0","0","0","0","3"
66,0,118,248.1,214.4,5.3,1,0,0,133,20.06,99,21.09,122,9.65,5,1.43,510,0,"0","0","0","0","0","0","6"
22,0,110.3,166.5,202.3,9.5,0,0,0,107,18.75,93,14.15,96,9.1,5,2.57,408,0,"0","0","0","0","0","0","6"
103,0,206.5,180.2,220.6,12.2,3,0,0,125,35.11,113,15.32,95,9.93,4,3.29,510,0,"0","0","0","0","0","0","6"
95,32,247,125.6,226.5,10.5,3,0,1,109,41.99,91,10.68,90,10.19,4,2.84,415,0,"0","0","0","0","0","0","3"
143,0,110.1,169,166.7,9.2,1,0,0,113,18.72,59,14.37,94,7.5,2,2.48,510,0,"0","0","0","0","0","0","6"
75,0,211.3,105.6,175.9,9.7,4,1,0,61,35.92,119,8.98,63,7.92,4,2.62,408,1,"1","0","0","0","1","0","6"
105,0,270.9,226.2,178.8,8.8,0,0,0,98,46.05,110,19.23,60,8.05,5,2.38,408,1,"1","1","1","0","0","0","6"
92,0,173.1,240.3,233.2,9,1,1,0,140,29.43,105,20.43,117,10.49,5,2.43,415,0,"0","0","0","0","0","0","6"
63,21,151.5,147.8,210.4,10,1,1,1,99,25.76,89,12.56,114,9.47,4,2.7,408,0,"0","0","0","1","0","0","3"
106,26,270.3,215.2,254,14.4,1,1,1,111,45.95,90,18.29,133,11.43,7,3.89,415,1,"0","1","1","0","1","0","3"
75,0,209.4,211.5,291.2,7.2,1,0,0,133,35.6,121,17.98,123,13.1,4,1.94,510,0,"0","0","0","0","0","0","3"
90,26,169,188.8,213.3,13.3,0,1,1,104,28.73,104,16.05,76,9.6,3,3.59,415,1,"1","1","1","0","0","0","3"
110,0,242.5,162.3,184.1,7.8,4,0,0,110,41.23,140,13.8,86,8.28,3,2.11,415,0,"0","0","0","0","0","0","6"
41,37,239.8,221.9,189.1,7.3,2,0,1,110,40.77,115,18.86,100,8.51,1,1.97,408,0,"0","0","0","0","0","0","3"
115,0,139.3,192.3,151,9.3,7,0,0,89,23.68,95,16.35,75,6.8,3,2.51,415,1,"1","1","1","0","1","0","6"
7,0,206.7,281.1,158.5,11,3,0,0,87,35.14,83,23.89,77,7.13,5,2.97,415,0,"0","0","0","0","0","0","6"
100,32,125.2,230.9,192,12.6,3,0,1,123,21.28,101,19.63,106,8.64,9,3.4,415,0,"0","0","0","1","0","0","3"
124,0,169.3,178.6,242.3,12.2,1,0,0,108,28.78,91,15.18,82,10.9,3,3.29,510,0,"0","0","0","0","0","0","3"
107,0,133.3,182.9,241.1,12.9,3,1,0,106,22.66,89,15.55,123,10.85,2,3.48,415,1,"1","1","1","0","1","0","6"
145,0,229.6,138.1,250.8,3.3,1,0,0,82,39.03,103,11.74,109,11.29,3,0.89,408,0,"0","0","0","0","0","0","3"
75,19,210.3,241.8,215.7,13.1,4,0,1,90,35.75,87,20.55,102,9.71,3,3.54,415,0,"0","0","0","0","0","0","3"
57,17,236.5,163.1,236.7,12.2,2,1,1,94,40.21,94,13.86,117,10.65,3,3.29,415,0,"0","0","0","0","0","0","3"
88,17,219.5,222.1,188.3,16.1,1,0,1,78,37.32,94,18.88,92,8.47,5,4.35,415,0,"0","0","0","0","0","0","3"
21,0,146,109.7,247.4,6.8,0,0,0,78,24.82,79,9.32,108,11.13,7,1.84,415,0,"0","0","0","1","0","0","3"
107,0,260.5,102.4,129.7,9.8,1,0,0,108,44.29,110,8.7,148,5.84,5,2.65,415,0,"0","0","0","0","0","0","6"
161,0,154.7,177.8,172.9,5.9,4,0,0,84,26.3,125,15.11,90,7.78,2,1.59,408,1,"1","1","1","0","0","0","6"
92,45,281.1,198,94.3,7.5,0,1,1,88,47.79,103,16.83,76,4.24,3,2.03,415,0,"0","0","0","0","0","0","3"
117,0,102.8,206.7,299,10.1,1,0,0,119,17.48,91,17.57,105,13.46,7,2.73,415,0,"0","0","0","0","0","0","3"
116,27,175.5,210.6,294.8,6.9,1,1,1,137,29.84,60,17.9,121,13.27,5,1.86,510,0,"0","0","0","0","0","0","3"
108,0,210.7,238.7,253.6,9.2,3,0,0,112,35.82,73,20.29,90,11.41,5,2.48,510,0,"0","0","0","0","0","0","6"
164,0,160.6,163.2,187.1,9,1,0,0,111,27.3,126,13.87,112,8.42,3,2.43,510,0,"0","0","0","0","0","0","6"
91,34,175.3,262.3,143.9,5.6,1,0,1,96,29.8,122,22.3,76,6.48,11,1.51,415,0,"0","0","0","1","0","0","3"
13,21,315.6,208.9,260.1,12.1,3,0,1,105,53.65,71,17.76,123,11.7,3,3.27,510,0,"0","0","0","0","0","0","3"
113,0,245.3,259.9,204.3,10.7,3,0,0,108,41.7,140,22.09,115,9.19,2,2.89,510,1,"0","1","1","0","1","0","6"
125,0,182.3,139.8,171.6,11.6,2,0,0,64,30.99,121,11.88,96,7.72,7,3.13,415,0,"0","0","0","0","0","0","6"
72,0,166.5,261,262.7,13.3,0,0,0,102,28.31,103,22.19,85,11.82,5,3.59,415,0,"0","0","0","0","0","0","6"
67,0,129,188,235,11.2,2,0,0,78,21.93,116,15.98,102,10.58,3,3.02,510,0,"0","0","0","0","0","0","6"
225,0,165.4,273.7,210,8.7,0,0,0,106,28.12,109,23.26,93,9.45,3,2.35,415,1,"0","0","0","0","0","0","6"
113,0,156,256.8,175.3,11.9,2,0,0,141,26.52,72,21.83,123,7.89,5,3.21,510,0,"0","0","0","0","0","0","6"
105,42,101.9,223.1,241.6,12.9,0,0,1,79,17.32,97,18.96,77,10.87,2,3.48,510,0,"0","0","0","1","0","0","3"
111,0,123.1,213.9,184.9,12,5,0,0,88,20.93,84,18.18,88,8.32,2,3.24,510,1,"1","1","1","0","0","0","6"
116,0,164.6,270.6,230.4,8,0,0,0,110,27.98,103,23,109,10.37,3,2.16,510,0,"0","0","0","0","0","0","6"
9,16,88.5,178.8,228.7,11.5,2,0,1,87,15.05,108,15.2,96,10.29,3,3.11,415,0,"0","0","0","1","0","0","3"
122,0,231.2,267.8,240.3,8.8,1,0,0,141,39.3,136,22.76,100,10.81,5,2.38,408,1,"1","1","1","0","0","0","6"
89,25,215.1,197.4,162.1,10.6,1,0,1,140,36.57,69,16.78,117,7.29,10,2.86,415,0,"0","0","0","0","0","0","3"
76,0,204.2,292.6,244.3,10.5,0,0,0,100,34.71,139,24.87,105,10.99,2,2.84,415,0,"0","0","0","0","0","0","6"
120,0,252,150.2,151.8,9.6,2,0,0,120,42.84,106,12.77,96,6.83,1,2.59,415,0,"0","0","0","0","0","0","6"
41,0,202.9,153.8,113.5,9,3,0,0,97,34.49,104,13.07,92,5.11,3,2.43,408,0,"0","0","0","0","0","0","6"
81,36,115.9,236.6,255,11.7,3,0,1,120,19.7,95,20.11,90,11.48,6,3.16,415,0,"0","0","0","0","0","0","3"
129,36,192.8,177,216.5,16.4,1,0,1,103,32.78,83,15.05,118,9.74,5,4.43,510,0,"0","0","0","0","0","0","3"
